Dataset Id	File Name	File ID	File Version
syn51704085	ATAC_1-_S1_L001_I1_001.fastq.gz	syn51704301	1
syn51704085	ATAC_1-_S1_L001_R1_001.fastq.gz	syn51704311	1
syn51704085	ATAC_1-_S1_L001_R2_001.fastq.gz	syn51704305	1
syn51704085	ATAC_1-_S1_L001_R3_001.fastq.gz	syn51704318	1
syn51704085	ATAC_1-_S1_L002_I1_001.fastq.gz	syn51704306	1
syn51704085	ATAC_1-_S1_L002_R1_001.fastq.gz	syn51704334	1
syn51704085	ATAC_1-_S1_L002_R2_001.fastq.gz	syn51704316	1
syn51704085	ATAC_1-_S1_L002_R3_001.fastq.gz	syn51704337	1
syn51704085	ATAC_2-_S2_L001_I1_001.fastq.gz	syn51704307	1
syn51704085	ATAC_2-_S2_L001_R1_001.fastq.gz	syn51704321	1
syn51704085	ATAC_2-_S2_L001_R2_001.fastq.gz	syn51704313	1
syn51704085	ATAC_2-_S2_L001_R3_001.fastq.gz	syn51704327	1
syn51704085	ATAC_2-_S2_L002_I1_001.fastq.gz	syn51704314	1
syn51704085	ATAC_2-_S2_L002_R1_001.fastq.gz	syn51704340	1
syn51704085	ATAC_2-_S2_L002_R2_001.fastq.gz	syn51704330	1
syn51704085	ATAC_2-_S2_L002_R3_001.fastq.gz	syn51704345	1
syn51704085	ATAC_3-_S3_L001_I1_001.fastq.gz	syn51704346	1
syn51704085	ATAC_3-_S3_L001_R1_001.fastq.gz	syn51704354	1
syn51704085	ATAC_3-_S3_L001_R2_001.fastq.gz	syn51704349	1
syn51704085	ATAC_3-_S3_L001_R3_001.fastq.gz	syn51704365	2
syn51704085	ATAC_3-_S3_L002_I1_001.fastq.gz	syn51704355	2
syn51704085	ATAC_3-_S3_L002_R1_001.fastq.gz	syn51704370	2
syn51704085	ATAC_3-_S3_L002_R2_001.fastq.gz	syn51704367	2
syn51704085	ATAC_3-_S3_L002_R3_001.fastq.gz	syn51704532	1
syn51704085	ATAC_4-_S4_L001_I1_001.fastq.gz	syn51704426	1
syn51704085	ATAC_4-_S4_L001_R1_001.fastq.gz	syn51704467	1
syn51704085	ATAC_4-_S4_L001_R2_001.fastq.gz	syn51704433	1
syn51704085	ATAC_4-_S4_L001_R3_001.fastq.gz	syn51704459	1
syn51704085	ATAC_4-_S4_L002_I1_001.fastq.gz	syn51704428	1
syn51704085	ATAC_4-_S4_L002_R1_001.fastq.gz	syn51704505	1
syn51704085	ATAC_4-_S4_L002_R2_001.fastq.gz	syn51704436	1
syn51704085	ATAC_4-_S4_L002_R3_001.fastq.gz	syn51704515	1
syn51704085	GEX_1_S1_L001_I1_001.fastq.gz	syn51704422	1
syn51704085	GEX_1_S1_L001_I2_001.fastq.gz	syn51704424	1
syn51704085	GEX_1_S1_L001_R1_001.fastq.gz	syn51704442	1
syn51704085	GEX_1_S1_L001_R2_001.fastq.gz	syn51704571	1
syn51704085	GEX_1_S1_L002_I1_001.fastq.gz	syn51704445	1
syn51704085	GEX_1_S1_L002_I2_001.fastq.gz	syn51704448	1
syn51704085	GEX_1_S1_L002_R1_001.fastq.gz	syn51704504	1
syn51704085	GEX_1_S1_L002_R2_001.fastq.gz	syn51704596	1
syn51704085	GEX_2_S2_L001_I1_001.fastq.gz	syn51704576	1
syn51704085	GEX_2_S2_L001_I2_001.fastq.gz	syn51704574	1
syn51704085	GEX_2_S2_L001_R1_001.fastq.gz	syn51704619	1
syn51704085	GEX_2_S2_L001_R2_001.fastq.gz	syn51704637	1
syn51704085	GEX_2_S2_L002_I1_001.fastq.gz	syn51704585	1
syn51704085	GEX_2_S2_L002_I2_001.fastq.gz	syn51704588	1
syn51704085	GEX_2_S2_L002_R1_001.fastq.gz	syn51704601	1
syn51704085	GEX_2_S2_L002_R2_001.fastq.gz	syn51704612	1
syn51704085	GEX_3_S3_L001_I1_001.fastq.gz	syn51704638	1
syn51704085	GEX_3_S3_L001_I2_001.fastq.gz	syn51704642	1
syn51704085	GEX_3_S3_L001_R1_001.fastq.gz	syn51704648	1
syn51704085	GEX_3_S3_L001_R2_001.fastq.gz	syn51704656	1
syn51704085	GEX_3_S3_L002_I1_001.fastq.gz	syn51704643	1
syn51704085	GEX_3_S3_L002_I2_001.fastq.gz	syn51704630	1
syn51704085	GEX_3_S3_L002_R1_001.fastq.gz	syn51704635	1
syn51704085	GEX_3_S3_L002_R2_001.fastq.gz	syn51704664	1
syn51704085	GEX_4_S4_L001_I1_001.fastq.gz	syn51704660	1
syn51704085	GEX_4_S4_L001_I2_001.fastq.gz	syn51704661	1
syn51704085	GEX_4_S4_L001_R1_001.fastq.gz	syn51704666	1
syn51704085	GEX_4_S4_L001_R2_001.fastq.gz	syn51704670	1
syn51704085	GEX_4_S4_L002_I1_001.fastq.gz	syn51704671	1
syn51704085	GEX_4_S4_L002_I2_001.fastq.gz	syn51704678	1
syn51704085	GEX_4_S4_L002_R1_001.fastq.gz	syn51704680	1
syn51704085	GEX_4_S4_L002_R2_001.fastq.gz	syn51704683	1
syn51704085	MULTI_1_S5_L001_I1_001.fastq.gz	syn51704673	1
syn51704085	MULTI_1_S5_L001_I2_001.fastq.gz	syn51704672	1
syn51704085	MULTI_1_S5_L001_R1_001.fastq.gz	syn51704675	1
syn51704085	MULTI_1_S5_L001_R2_001.fastq.gz	syn51704677	1
syn51704085	MULTI_1_S5_L002_I1_001.fastq.gz	syn51704674	1
syn51704085	MULTI_1_S5_L002_I2_001.fastq.gz	syn51704684	1
syn51704085	MULTI_1_S5_L002_R1_001.fastq.gz	syn51704685	1
syn51704085	MULTI_1_S5_L002_R2_001.fastq.gz	syn51704697	1
syn51704085	MULTI_2_S6_L001_I1_001.fastq.gz	syn51704686	1
syn51704085	MULTI_2_S6_L001_I2_001.fastq.gz	syn51704689	1
syn51704085	MULTI_2_S6_L001_R1_001.fastq.gz	syn51704694	1
syn51704085	MULTI_2_S6_L001_R2_001.fastq.gz	syn51704703	1
syn51704085	MULTI_2_S6_L002_I1_001.fastq.gz	syn51704692	1
syn51704085	MULTI_2_S6_L002_I2_001.fastq.gz	syn51704690	1
syn51704085	MULTI_2_S6_L002_R1_001.fastq.gz	syn51704698	1
syn51704085	MULTI_2_S6_L002_R2_001.fastq.gz	syn51704704	1
syn51704085	MULTI_3_S7_L001_I1_001.fastq.gz	syn51704688	1
syn51704085	MULTI_3_S7_L001_I2_001.fastq.gz	syn51704687	1
syn51704085	MULTI_3_S7_L001_R1_001.fastq.gz	syn51704693	1
syn51704085	MULTI_3_S7_L001_R2_001.fastq.gz	syn51704701	1
syn51704085	MULTI_3_S7_L002_I1_001.fastq.gz	syn51704696	1
syn51704085	MULTI_3_S7_L002_I2_001.fastq.gz	syn51704695	1
syn51704085	MULTI_3_S7_L002_R1_001.fastq.gz	syn51704699	1
syn51704085	MULTI_3_S7_L002_R2_001.fastq.gz	syn51704705	1
syn51704085	MULTI_4_S8_L001_I1_001.fastq.gz	syn51704700	1
syn51704085	MULTI_4_S8_L001_I2_001.fastq.gz	syn51704706	1
syn51704085	MULTI_4_S8_L001_R1_001.fastq.gz	syn51704707	1
syn51704085	MULTI_4_S8_L001_R2_001.fastq.gz	syn51704708	1
syn51704085	MULTI_4_S8_L002_I1_001.fastq.gz	syn51704709	1
syn51704085	MULTI_4_S8_L002_I2_001.fastq.gz	syn51704711	1
syn51704085	MULTI_4_S8_L002_R1_001.fastq.gz	syn51704712	1
syn51704085	MULTI_4_S8_L002_R2_001.fastq.gz	syn51704713	1
syn51704088	ATAC_1_S5_L005_I1_001.fastq.gz	syn51704768	1
syn51704088	ATAC_1_S5_L005_R1_001.fastq.gz	syn51704841	1
syn51704088	ATAC_1_S5_L005_R2_001.fastq.gz	syn51704772	1
syn51704088	ATAC_1_S5_L005_R3_001.fastq.gz	syn51704810	1
syn51704088	ATAC_1_S5_L006_I1_001.fastq.gz	syn51704765	1
syn51704088	ATAC_1_S5_L006_R1_001.fastq.gz	syn51704799	1
syn51704088	ATAC_1_S5_L006_R2_001.fastq.gz	syn51704775	1
syn51704088	ATAC_1_S5_L006_R3_001.fastq.gz	syn51704794	1
syn51704088	ATAC_1_S5_L007_I1_001.fastq.gz	syn51704764	1
syn51704088	ATAC_1_S5_L007_R1_001.fastq.gz	syn51704823	1
syn51704088	ATAC_1_S5_L007_R2_001.fastq.gz	syn51704778	1
syn51704088	ATAC_1_S5_L007_R3_001.fastq.gz	syn51704858	1
syn51704088	ATAC_1_S5_L008_I1_001.fastq.gz	syn51704788	1
syn51704088	ATAC_1_S5_L008_R1_001.fastq.gz	syn51704864	1
syn51704088	ATAC_1_S5_L008_R2_001.fastq.gz	syn51704861	1
syn51704088	ATAC_1_S5_L008_R3_001.fastq.gz	syn51704852	1
syn51704088	ATAC_2_S6_L005_I1_001.fastq.gz	syn51704865	1
syn51704088	ATAC_2_S6_L005_R1_001.fastq.gz	syn51704889	1
syn51704088	ATAC_2_S6_L005_R2_001.fastq.gz	syn51704876	1
syn51704088	ATAC_2_S6_L005_R3_001.fastq.gz	syn51704894	1
syn51704088	ATAC_2_S6_L006_I1_001.fastq.gz	syn51704890	1
syn51704088	ATAC_2_S6_L006_R1_001.fastq.gz	syn51704900	1
syn51704088	ATAC_2_S6_L006_R2_001.fastq.gz	syn51704892	1
syn51704088	ATAC_2_S6_L006_R3_001.fastq.gz	syn51704898	1
syn51704088	ATAC_2_S6_L007_I1_001.fastq.gz	syn51704902	1
syn51704088	ATAC_2_S6_L007_R1_001.fastq.gz	syn51704931	1
syn51704088	ATAC_2_S6_L007_R2_001.fastq.gz	syn51704916	1
syn51704088	ATAC_2_S6_L007_R3_001.fastq.gz	syn51704926	1
syn51704088	ATAC_2_S6_L008_I1_001.fastq.gz	syn51704903	1
syn51704088	ATAC_2_S6_L008_R1_001.fastq.gz	syn51704923	1
syn51704088	ATAC_2_S6_L008_R2_001.fastq.gz	syn51704913	1
syn51704088	ATAC_2_S6_L008_R3_001.fastq.gz	syn51704935	1
syn51704088	ATAC_3_S7_L005_I1_001.fastq.gz	syn51704906	1
syn51704088	ATAC_3_S7_L005_R1_001.fastq.gz	syn51704940	1
syn51704088	ATAC_3_S7_L005_R2_001.fastq.gz	syn51704918	1
syn51704088	ATAC_3_S7_L005_R3_001.fastq.gz	syn51704944	1
syn51704088	ATAC_3_S7_L006_I1_001.fastq.gz	syn51704908	1
syn51704088	ATAC_3_S7_L006_R1_001.fastq.gz	syn51704948	1
syn51704088	ATAC_3_S7_L006_R2_001.fastq.gz	syn51704951	1
syn51704088	ATAC_3_S7_L006_R3_001.fastq.gz	syn51704962	1
syn51704088	ATAC_3_S7_L007_I1_001.fastq.gz	syn51704954	1
syn51704088	ATAC_3_S7_L007_R1_001.fastq.gz	syn51704959	1
syn51704088	ATAC_3_S7_L007_R2_001.fastq.gz	syn51704972	1
syn51704088	ATAC_3_S7_L007_R3_001.fastq.gz	syn51704986	1
syn51704088	ATAC_3_S7_L008_I1_001.fastq.gz	syn51704965	1
syn51704088	ATAC_3_S7_L008_R1_001.fastq.gz	syn51704979	1
syn51704088	ATAC_3_S7_L008_R2_001.fastq.gz	syn51704975	1
syn51704088	ATAC_3_S7_L008_R3_001.fastq.gz	syn51704992	1
syn51704088	ATAC_4_S8_L005_I1_001.fastq.gz	syn51704967	1
syn51704088	ATAC_4_S8_L005_R1_001.fastq.gz	syn51704982	1
syn51704088	ATAC_4_S8_L005_R2_001.fastq.gz	syn51704994	1
syn51704088	ATAC_4_S8_L005_R3_001.fastq.gz	syn51704996	1
syn51704088	ATAC_4_S8_L006_I1_001.fastq.gz	syn51704999	1
syn51704088	ATAC_4_S8_L006_R1_001.fastq.gz	syn51705019	1
syn51704088	ATAC_4_S8_L006_R2_001.fastq.gz	syn51705001	1
syn51704088	ATAC_4_S8_L006_R3_001.fastq.gz	syn51705011	1
syn51704088	ATAC_4_S8_L007_I1_001.fastq.gz	syn51705023	1
syn51704088	ATAC_4_S8_L007_R1_001.fastq.gz	syn51705034	1
syn51704088	ATAC_4_S8_L007_R2_001.fastq.gz	syn51705027	1
syn51704088	ATAC_4_S8_L007_R3_001.fastq.gz	syn51705037	1
syn51704088	ATAC_4_S8_L008_I1_001.fastq.gz	syn51705022	1
syn51704088	ATAC_4_S8_L008_R1_001.fastq.gz	syn51705040	1
syn51704088	ATAC_4_S8_L008_R2_001.fastq.gz	syn51705030	1
syn51704088	ATAC_4_S8_L008_R3_001.fastq.gz	syn51705047	1
syn51704088	GEX_1_S1_L001_I1_001.fastq.gz	syn51705042	1
syn51704088	GEX_1_S1_L001_I2_001.fastq.gz	syn51705048	1
syn51704088	GEX_1_S1_L001_R1_001.fastq.gz	syn51705051	1
syn51704088	GEX_1_S1_L001_R2_001.fastq.gz	syn51705056	1
syn51704088	GEX_1_S1_L002_I1_001.fastq.gz	syn51705049	1
syn51704088	GEX_1_S1_L002_I2_001.fastq.gz	syn51705059	1
syn51704088	GEX_1_S1_L002_R1_001.fastq.gz	syn51705063	1
syn51704088	GEX_1_S1_L002_R2_001.fastq.gz	syn51705068	1
syn51704088	GEX_1_S1_L003_I1_001.fastq.gz	syn51705060	1
syn51704088	GEX_1_S1_L003_I2_001.fastq.gz	syn51705061	1
syn51704088	GEX_1_S1_L003_R1_001.fastq.gz	syn51705065	1
syn51704088	GEX_1_S1_L003_R2_001.fastq.gz	syn51705072	1
syn51704088	GEX_2_S2_L001_I1_001.fastq.gz	syn51705075	1
syn51704088	GEX_2_S2_L001_I2_001.fastq.gz	syn51705076	1
syn51704088	GEX_2_S2_L001_R1_001.fastq.gz	syn51705079	1
syn51704088	GEX_2_S2_L001_R2_001.fastq.gz	syn51705084	1
syn51704088	GEX_2_S2_L002_I1_001.fastq.gz	syn51705085	1
syn51704088	GEX_2_S2_L002_I2_001.fastq.gz	syn51705086	1
syn51704088	GEX_2_S2_L002_R1_001.fastq.gz	syn51705089	1
syn51704088	GEX_2_S2_L002_R2_001.fastq.gz	syn51705095	1
syn51704088	GEX_2_S2_L003_I1_001.fastq.gz	syn51705091	1
syn51704088	GEX_2_S2_L003_I2_001.fastq.gz	syn51705092	1
syn51704088	GEX_2_S2_L003_R1_001.fastq.gz	syn51705098	1
syn51704088	GEX_2_S2_L003_R2_001.fastq.gz	syn51705103	1
syn51704088	GEX_3_S3_L001_I1_001.fastq.gz	syn51705096	1
syn51704088	GEX_3_S3_L001_I2_001.fastq.gz	syn51705099	1
syn51704088	GEX_3_S3_L001_R1_001.fastq.gz	syn51705105	1
syn51704088	GEX_3_S3_L001_R2_001.fastq.gz	syn51705109	1
syn51704088	GEX_3_S3_L002_I1_001.fastq.gz	syn51705106	1
syn51704088	GEX_3_S3_L002_I2_001.fastq.gz	syn51705110	1
syn51704088	GEX_3_S3_L002_R1_001.fastq.gz	syn51705112	1
syn51704088	GEX_3_S3_L002_R2_001.fastq.gz	syn51705118	1
syn51704088	GEX_3_S3_L003_I1_001.fastq.gz	syn51705113	1
syn51704088	GEX_3_S3_L003_I2_001.fastq.gz	syn51705114	1
syn51704088	GEX_3_S3_L003_R1_001.fastq.gz	syn51705115	1
syn51704088	GEX_3_S3_L003_R2_001.fastq.gz	syn51705124	1
syn51704088	GEX_4_S4_L001_I1_001.fastq.gz	syn51705120	1
syn51704088	GEX_4_S4_L001_I2_001.fastq.gz	syn51705121	1
syn51704088	GEX_4_S4_L001_R1_001.fastq.gz	syn51705126	1
syn51704088	GEX_4_S4_L001_R2_001.fastq.gz	syn51705133	1
syn51704088	GEX_4_S4_L002_I1_001.fastq.gz	syn51705135	1
syn51704088	GEX_4_S4_L002_I2_001.fastq.gz	syn51705136	1
syn51704088	GEX_4_S4_L002_R1_001.fastq.gz	syn51705185	1
syn51704088	GEX_4_S4_L002_R2_001.fastq.gz	syn51705211	1
syn51704088	GEX_4_S4_L003_I1_001.fastq.gz	syn51705139	2
syn51704088	GEX_4_S4_L003_I2_001.fastq.gz	syn51705176	1
syn51704088	GEX_4_S4_L003_R1_001.fastq.gz	syn51705187	1
syn51704088	GEX_4_S4_L003_R2_001.fastq.gz	syn51705199	1
syn51704088	MULTI_1_S5_L001_I1_001.fastq.gz	syn51705166	1
syn51704088	MULTI_1_S5_L001_I2_001.fastq.gz	syn51705165	1
syn51704088	MULTI_1_S5_L001_R1_001.fastq.gz	syn51705169	1
syn51704088	MULTI_1_S5_L001_R2_001.fastq.gz	syn51705175	1
syn51704088	MULTI_1_S5_L002_I1_001.fastq.gz	syn51705168	1
syn51704088	MULTI_1_S5_L002_I2_001.fastq.gz	syn51705167	1
syn51704088	MULTI_1_S5_L002_R1_001.fastq.gz	syn51705164	1
syn51704088	MULTI_1_S5_L002_R2_001.fastq.gz	syn51705179	1
syn51704088	MULTI_1_S5_L003_I1_001.fastq.gz	syn51705170	1
syn51704088	MULTI_1_S5_L003_I2_001.fastq.gz	syn51705171	1
syn51704088	MULTI_1_S5_L003_R1_001.fastq.gz	syn51705177	1
syn51704088	MULTI_1_S5_L003_R2_001.fastq.gz	syn51705182	1
syn51704088	MULTI_2_S6_L001_I1_001.fastq.gz	syn51705172	1
syn51704088	MULTI_2_S6_L001_I2_001.fastq.gz	syn51705174	1
syn51704088	MULTI_2_S6_L001_R1_001.fastq.gz	syn51705178	1
syn51704088	MULTI_2_S6_L001_R2_001.fastq.gz	syn51705183	1
syn51704088	MULTI_2_S6_L002_I1_001.fastq.gz	syn51705180	1
syn51704088	MULTI_2_S6_L002_I2_001.fastq.gz	syn51705184	1
syn51704088	MULTI_2_S6_L002_R1_001.fastq.gz	syn51705188	1
syn51704088	MULTI_2_S6_L002_R2_001.fastq.gz	syn51705192	1
syn51704088	MULTI_2_S6_L003_I1_001.fastq.gz	syn51705189	1
syn51704088	MULTI_2_S6_L003_I2_001.fastq.gz	syn51705190	1
syn51704088	MULTI_2_S6_L003_R1_001.fastq.gz	syn51705191	1
syn51704088	MULTI_2_S6_L003_R2_001.fastq.gz	syn51705216	1
syn51704088	MULTI_3_S7_L001_I1_001.fastq.gz	syn51705212	1
syn51704088	MULTI_3_S7_L001_I2_001.fastq.gz	syn51705214	1
syn51704088	MULTI_3_S7_L001_R1_001.fastq.gz	syn51705217	1
syn51704088	MULTI_3_S7_L001_R2_001.fastq.gz	syn51705222	1
syn51704088	MULTI_3_S7_L002_I1_001.fastq.gz	syn51705221	1
syn51704088	MULTI_3_S7_L002_I2_001.fastq.gz	syn51705223	1
syn51704088	MULTI_3_S7_L002_R1_001.fastq.gz	syn51705225	1
syn51704088	MULTI_3_S7_L002_R2_001.fastq.gz	syn51705228	1
syn51704088	MULTI_3_S7_L003_I1_001.fastq.gz	syn51705224	1
syn51704088	MULTI_3_S7_L003_I2_001.fastq.gz	syn51705229	1
syn51704088	MULTI_3_S7_L003_R1_001.fastq.gz	syn51705231	1
syn51704088	MULTI_3_S7_L003_R2_001.fastq.gz	syn51705233	1
syn51704088	MULTI_4_S8_L001_I1_001.fastq.gz	syn51705232	1
syn51704088	MULTI_4_S8_L001_I2_001.fastq.gz	syn51705234	1
syn51704088	MULTI_4_S8_L001_R1_001.fastq.gz	syn51705235	1
syn51704088	MULTI_4_S8_L001_R2_001.fastq.gz	syn51705243	1
syn51704088	MULTI_4_S8_L002_I1_001.fastq.gz	syn51705238	1
syn51704088	MULTI_4_S8_L002_I2_001.fastq.gz	syn51705236	1
syn51704088	MULTI_4_S8_L002_R1_001.fastq.gz	syn51705241	1
syn51704088	MULTI_4_S8_L002_R2_001.fastq.gz	syn51705246	1
syn51704088	MULTI_4_S8_L003_I1_001.fastq.gz	syn51705240	1
syn51704088	MULTI_4_S8_L003_I2_001.fastq.gz	syn51705239	1
syn51704088	MULTI_4_S8_L003_R1_001.fastq.gz	syn51705242	1
syn51704088	MULTI_4_S8_L003_R2_001.fastq.gz	syn51705247	1
syn51703705	ATAC_1_S358_L007_I1_001.fastq.gz	syn51704162	2
syn51703705	ATAC_1_S358_L007_R1_001.fastq.gz	syn51704184	1
syn51703705	ATAC_1_S358_L007_R2_001.fastq.gz	syn51704175	1
syn51703705	ATAC_1_S358_L007_R3_001.fastq.gz	syn51704180	1
syn51703705	ATAC_1_S358_L008_I1_001.fastq.gz	syn51704170	1
syn51703705	ATAC_1_S358_L008_R1_001.fastq.gz	syn51704182	1
syn51703705	ATAC_1_S358_L008_R2_001.fastq.gz	syn51704176	1
syn51703705	ATAC_1_S358_L008_R3_001.fastq.gz	syn51704186	1
syn51703705	ATAC_2_S359_L007_I1_001.fastq.gz	syn51704171	1
syn51703705	ATAC_2_S359_L007_R1_001.fastq.gz	syn51704197	1
syn51703705	ATAC_2_S359_L007_R2_001.fastq.gz	syn51704178	1
syn51703705	ATAC_2_S359_L007_R3_001.fastq.gz	syn51704193	1
syn51703705	ATAC_2_S359_L008_I1_001.fastq.gz	syn51704168	1
syn51703705	ATAC_2_S359_L008_R1_001.fastq.gz	syn51704200	1
syn51703705	ATAC_2_S359_L008_R2_001.fastq.gz	syn51704191	1
syn51703705	ATAC_2_S359_L008_R3_001.fastq.gz	syn51704202	1
syn51703705	GEX_1_S41_L007_I1_001.fastq.gz	syn51704189	1
syn51703705	GEX_1_S41_L007_I2_001.fastq.gz	syn51704195	1
syn51703705	GEX_1_S41_L007_R1_001.fastq.gz	syn51704206	1
syn51703705	GEX_1_S41_L007_R2_001.fastq.gz	syn51704225	1
syn51703705	GEX_1_S41_L008_I1_001.fastq.gz	syn51704208	1
syn51703705	GEX_1_S41_L008_I2_001.fastq.gz	syn51704207	1
syn51703705	GEX_1_S41_L008_R1_001.fastq.gz	syn51704212	1
syn51703705	GEX_1_S41_L008_R2_001.fastq.gz	syn51704221	1
syn51703705	GEX_2_S42_L007_I1_001.fastq.gz	syn51704215	1
syn51703705	GEX_2_S42_L007_I2_001.fastq.gz	syn51704218	1
syn51703705	GEX_2_S42_L007_R1_001.fastq.gz	syn51704229	1
syn51703705	GEX_2_S42_L007_R2_001.fastq.gz	syn51704239	1
syn51703705	GEX_2_S42_L008_I1_001.fastq.gz	syn51704213	1
syn51703705	GEX_2_S42_L008_I2_001.fastq.gz	syn51704216	1
syn51703705	GEX_2_S42_L008_R1_001.fastq.gz	syn51704235	1
syn51703705	GEX_2_S42_L008_R2_001.fastq.gz	syn51704251	1
syn51703705	MULTI_1_S44_L007_I1_001.fastq.gz	syn51704209	1
syn51703705	MULTI_1_S44_L007_I2_001.fastq.gz	syn51704210	1
syn51703705	MULTI_1_S44_L007_R1_001.fastq.gz	syn51704219	1
syn51703705	MULTI_1_S44_L007_R2_001.fastq.gz	syn51704236	1
syn51703705	MULTI_1_S44_L008_I1_001.fastq.gz	syn51704231	1
syn51703705	MULTI_1_S44_L008_I2_001.fastq.gz	syn51704230	1
syn51703705	MULTI_1_S44_L008_R1_001.fastq.gz	syn51704232	1
syn51703705	MULTI_1_S44_L008_R2_001.fastq.gz	syn51704253	1
syn51703705	MULTI_2_S45_L007_I1_001.fastq.gz	syn51704252	1
syn51703705	MULTI_2_S45_L007_I2_001.fastq.gz	syn51704254	1
syn51703705	MULTI_2_S45_L007_R1_001.fastq.gz	syn51704255	1
syn51703705	MULTI_2_S45_L007_R2_001.fastq.gz	syn51704260	1
syn51703705	MULTI_2_S45_L008_I1_001.fastq.gz	syn51704257	1
syn51703705	MULTI_2_S45_L008_I2_001.fastq.gz	syn51704258	1
syn51703705	MULTI_2_S45_L008_R1_001.fastq.gz	syn51704259	1
syn51703705	MULTI_2_S45_L008_R2_001.fastq.gz	syn51704262	1
syn51704087	ATAC_1_S7_L005_I1_001.fastq.gz	syn51704500	1
syn51704087	ATAC_1_S7_L005_R1_001.fastq.gz	syn51704518	1
syn51704087	ATAC_1_S7_L005_R2_001.fastq.gz	syn51704512	1
syn51704087	ATAC_1_S7_L005_R3_001.fastq.gz	syn51704564	1
syn51704087	ATAC_1_S7_L006_I1_001.fastq.gz	syn51704510	1
syn51704087	ATAC_1_S7_L006_R1_001.fastq.gz	syn51704569	1
syn51704087	ATAC_1_S7_L006_R2_001.fastq.gz	syn51704573	1
syn51704087	ATAC_1_S7_L006_R3_001.fastq.gz	syn51704579	1
syn51704087	ATAC_1_S7_L007_I1_001.fastq.gz	syn51704581	1
syn51704087	ATAC_1_S7_L007_R1_001.fastq.gz	syn51704586	1
syn51704087	ATAC_1_S7_L007_R2_001.fastq.gz	syn51704590	1
syn51704087	ATAC_1_S7_L007_R3_001.fastq.gz	syn51704594	1
syn51704087	ATAC_1_S7_L008_I1_001.fastq.gz	syn51704591	1
syn51704087	ATAC_1_S7_L008_R1_001.fastq.gz	syn51704603	1
syn51704087	ATAC_1_S7_L008_R2_001.fastq.gz	syn51704599	1
syn51704087	ATAC_1_S7_L008_R3_001.fastq.gz	syn51704606	1
syn51704087	ATAC_2_S8_L005_I1_001.fastq.gz	syn51704607	1
syn51704087	ATAC_2_S8_L005_R1_001.fastq.gz	syn51704610	1
syn51704087	ATAC_2_S8_L005_R2_001.fastq.gz	syn51704614	1
syn51704087	ATAC_2_S8_L005_R3_001.fastq.gz	syn51704621	1
syn51704087	ATAC_2_S8_L006_I1_001.fastq.gz	syn51704617	1
syn51704087	ATAC_2_S8_L006_R1_001.fastq.gz	syn51704624	1
syn51704087	ATAC_2_S8_L006_R2_001.fastq.gz	syn51704626	1
syn51704087	ATAC_2_S8_L006_R3_001.fastq.gz	syn51704629	1
syn51704087	ATAC_2_S8_L007_I1_001.fastq.gz	syn51704631	1
syn51704087	ATAC_2_S8_L007_R1_001.fastq.gz	syn51704639	1
syn51704087	ATAC_2_S8_L007_R2_001.fastq.gz	syn51704634	1
syn51704087	ATAC_2_S8_L007_R3_001.fastq.gz	syn51704646	1
syn51704087	ATAC_2_S8_L008_I1_001.fastq.gz	syn51704641	1
syn51704087	ATAC_2_S8_L008_R1_001.fastq.gz	syn51704652	1
syn51704087	ATAC_2_S8_L008_R2_001.fastq.gz	syn51704649	1
syn51704087	ATAC_2_S8_L008_R3_001.fastq.gz	syn51704658	1
syn51704087	ATAC_3_S9_L005_I1_001.fastq.gz	syn51704653	2
syn51704087	ATAC_3_S9_L005_R1_001.fastq.gz	syn51704808	1
syn51704087	ATAC_3_S9_L005_R2_001.fastq.gz	syn51704762	1
syn51704087	ATAC_3_S9_L005_R3_001.fastq.gz	syn51704796	1
syn51704087	ATAC_3_S9_L006_I1_001.fastq.gz	syn51704659	2
syn51704087	ATAC_3_S9_L006_R1_001.fastq.gz	syn51704844	1
syn51704087	ATAC_3_S9_L006_R2_001.fastq.gz	syn51704766	1
syn51704087	ATAC_3_S9_L006_R3_001.fastq.gz	syn51704779	1
syn51704087	ATAC_3_S9_L007_I1_001.fastq.gz	syn51704759	1
syn51704087	ATAC_3_S9_L007_R1_001.fastq.gz	syn51704867	1
syn51704087	ATAC_3_S9_L007_R2_001.fastq.gz	syn51704771	1
syn51704087	ATAC_3_S9_L007_R3_001.fastq.gz	syn51704897	1
syn51704087	ATAC_3_S9_L008_I1_001.fastq.gz	syn51704758	1
syn51704087	ATAC_3_S9_L008_R1_001.fastq.gz	syn51704859	1
syn51704087	ATAC_3_S9_L008_R2_001.fastq.gz	syn51704816	1
syn51704087	ATAC_3_S9_L008_R3_001.fastq.gz	syn51704905	1
syn51704087	ATAC_4_S10_L005_I1_001.fastq.gz	syn51704825	1
syn51704087	ATAC_4_S10_L005_R1_001.fastq.gz	syn51704927	1
syn51704087	ATAC_4_S10_L005_R2_001.fastq.gz	syn51704909	1
syn51704087	ATAC_4_S10_L005_R3_001.fastq.gz	syn51704942	1
syn51704087	ATAC_4_S10_L006_I1_001.fastq.gz	syn51704912	1
syn51704087	ATAC_4_S10_L006_R1_001.fastq.gz	syn51704950	1
syn51704087	ATAC_4_S10_L006_R2_001.fastq.gz	syn51704930	1
syn51704087	ATAC_4_S10_L006_R3_001.fastq.gz	syn51704920	1
syn51704087	ATAC_4_S10_L007_I1_001.fastq.gz	syn51704953	1
syn51704087	ATAC_4_S10_L007_R1_001.fastq.gz	syn51704963	1
syn51704087	ATAC_4_S10_L007_R2_001.fastq.gz	syn51704956	1
syn51704087	ATAC_4_S10_L007_R3_001.fastq.gz	syn51704989	1
syn51704087	ATAC_4_S10_L008_I1_001.fastq.gz	syn51704971	1
syn51704087	ATAC_4_S10_L008_R1_001.fastq.gz	syn51704997	1
syn51704087	ATAC_4_S10_L008_R2_001.fastq.gz	syn51704978	1
syn51704087	ATAC_4_S10_L008_R3_001.fastq.gz	syn51705016	1
syn51704087	GEX_1_S17_L005_I1_001.fastq.gz	syn51704966	1
syn51704087	GEX_1_S17_L005_I2_001.fastq.gz	syn51704968	1
syn51704087	GEX_1_S17_L005_R1_001.fastq.gz	syn51705032	1
syn51704087	GEX_1_S17_L005_R2_001.fastq.gz	syn51705055	1
syn51704087	GEX_1_S17_L006_I1_001.fastq.gz	syn51705018	1
syn51704087	GEX_1_S17_L006_I2_001.fastq.gz	syn51705026	1
syn51704087	GEX_1_S17_L006_R1_001.fastq.gz	syn51705046	1
syn51704087	GEX_1_S17_L006_R2_001.fastq.gz	syn51705071	1
syn51704087	GEX_1_S17_L007_I1_001.fastq.gz	syn51705021	1
syn51704087	GEX_1_S17_L007_I2_001.fastq.gz	syn51705024	1
syn51704087	GEX_1_S17_L007_R1_001.fastq.gz	syn51705039	1
syn51704087	GEX_1_S17_L007_R2_001.fastq.gz	syn51705102	1
syn51704087	GEX_1_S17_L008_I1_001.fastq.gz	syn51705073	1
syn51704087	GEX_1_S17_L008_I2_001.fastq.gz	syn51705077	1
syn51704087	GEX_1_S17_L008_R1_001.fastq.gz	syn51705117	1
syn51704087	GEX_1_S17_L008_R2_001.fastq.gz	syn51705134	1
syn51704087	GEX_2_S18_L005_I1_001.fastq.gz	syn51705081	1
syn51704087	GEX_2_S18_L005_I2_001.fastq.gz	syn51705082	1
syn51704087	GEX_2_S18_L005_R1_001.fastq.gz	syn51705088	1
syn51704087	GEX_2_S18_L005_R2_001.fastq.gz	syn51705108	1
syn51704087	GEX_2_S18_L006_I1_001.fastq.gz	syn51705137	1
syn51704087	GEX_2_S18_L006_I2_001.fastq.gz	syn51705141	1
syn51704087	GEX_2_S18_L006_R1_001.fastq.gz	syn51705227	2
syn51704087	GEX_2_S18_L006_R2_001.fastq.gz	syn51705253	1
syn51704087	GEX_2_S18_L007_I1_001.fastq.gz	syn51705140	2
syn51704087	GEX_2_S18_L007_I2_001.fastq.gz	syn51705203	1
syn51704087	GEX_2_S18_L007_R1_001.fastq.gz	syn51705245	1
syn51704087	GEX_2_S18_L007_R2_001.fastq.gz	syn51705255	1
syn51704087	GEX_2_S18_L008_I1_001.fastq.gz	syn51705198	1
syn51704087	GEX_2_S18_L008_I2_001.fastq.gz	syn51705200	1
syn51704087	GEX_2_S18_L008_R1_001.fastq.gz	syn51705249	1
syn51704087	GEX_2_S18_L008_R2_001.fastq.gz	syn51705251	1
syn51704087	GEX_3_S19_L005_I1_001.fastq.gz	syn51705195	1
syn51704087	GEX_3_S19_L005_I2_001.fastq.gz	syn51705196	1
syn51704087	GEX_3_S19_L005_R1_001.fastq.gz	syn51705213	1
syn51704087	GEX_3_S19_L005_R2_001.fastq.gz	syn51705258	1
syn51704087	GEX_3_S19_L006_I1_001.fastq.gz	syn51705256	1
syn51704087	GEX_3_S19_L006_I2_001.fastq.gz	syn51705259	1
syn51704087	GEX_3_S19_L006_R1_001.fastq.gz	syn51705261	1
syn51704087	GEX_3_S19_L006_R2_001.fastq.gz	syn51705266	1
syn51704087	GEX_3_S19_L007_I1_001.fastq.gz	syn51705263	1
syn51704087	GEX_3_S19_L007_I2_001.fastq.gz	syn51705267	1
syn51704087	GEX_3_S19_L007_R1_001.fastq.gz	syn51705269	1
syn51704087	GEX_3_S19_L007_R2_001.fastq.gz	syn51705277	1
syn51704087	GEX_3_S19_L008_I1_001.fastq.gz	syn51705271	1
syn51704087	GEX_3_S19_L008_I2_001.fastq.gz	syn51705272	1
syn51704087	GEX_3_S19_L008_R1_001.fastq.gz	syn51705274	1
syn51704087	GEX_3_S19_L008_R2_001.fastq.gz	syn51705280	1
syn51704087	GEX_4_S20_L005_I1_001.fastq.gz	syn51705270	1
syn51704087	GEX_4_S20_L005_I2_001.fastq.gz	syn51705281	1
syn51704087	GEX_4_S20_L005_R1_001.fastq.gz	syn51705283	1
syn51704087	GEX_4_S20_L005_R2_001.fastq.gz	syn51705285	1
syn51704087	GEX_4_S20_L006_I1_001.fastq.gz	syn51705287	1
syn51704087	GEX_4_S20_L006_I2_001.fastq.gz	syn51705289	1
syn51704087	GEX_4_S20_L006_R1_001.fastq.gz	syn51705293	1
syn51704087	GEX_4_S20_L006_R2_001.fastq.gz	syn51705297	1
syn51704087	GEX_4_S20_L007_I1_001.fastq.gz	syn51705288	1
syn51704087	GEX_4_S20_L007_I2_001.fastq.gz	syn51705291	1
syn51704087	GEX_4_S20_L007_R1_001.fastq.gz	syn51705303	1
syn51704087	GEX_4_S20_L007_R2_001.fastq.gz	syn51705323	1
syn51704087	GEX_4_S20_L008_I1_001.fastq.gz	syn51705298	1
syn51704087	GEX_4_S20_L008_I2_001.fastq.gz	syn51705299	1
syn51704087	GEX_4_S20_L008_R1_001.fastq.gz	syn51705315	1
syn51704087	GEX_4_S20_L008_R2_001.fastq.gz	syn51705333	1
syn51704087	MULTI_1_S21_L005_I1_001.fastq.gz	syn51705325	1
syn51704087	MULTI_1_S21_L005_I2_001.fastq.gz	syn51705324	1
syn51704087	MULTI_1_S21_L005_R1_001.fastq.gz	syn51705326	1
syn51704087	MULTI_1_S21_L005_R2_001.fastq.gz	syn51705327	1
syn51704087	MULTI_1_S21_L006_I1_001.fastq.gz	syn51705334	1
syn51704087	MULTI_1_S21_L006_I2_001.fastq.gz	syn51705332	1
syn51704087	MULTI_1_S21_L006_R1_001.fastq.gz	syn51705335	1
syn51704087	MULTI_1_S21_L006_R2_001.fastq.gz	syn51705337	1
syn51704087	MULTI_1_S21_L007_I1_001.fastq.gz	syn51705339	1
syn51704087	MULTI_1_S21_L007_I2_001.fastq.gz	syn51705338	1
syn51704087	MULTI_1_S21_L007_R1_001.fastq.gz	syn51705341	1
syn51704087	MULTI_1_S21_L007_R2_001.fastq.gz	syn51705344	1
syn51704087	MULTI_1_S21_L008_I1_001.fastq.gz	syn51705340	1
syn51704087	MULTI_1_S21_L008_I2_001.fastq.gz	syn51705342	1
syn51704087	MULTI_1_S21_L008_R1_001.fastq.gz	syn51705345	1
syn51704087	MULTI_1_S21_L008_R2_001.fastq.gz	syn51705348	1
syn51704087	MULTI_2_S22_L005_I1_001.fastq.gz	syn51705347	1
syn51704087	MULTI_2_S22_L005_I2_001.fastq.gz	syn51705346	1
syn51704087	MULTI_2_S22_L005_R1_001.fastq.gz	syn51705350	1
syn51704087	MULTI_2_S22_L005_R2_001.fastq.gz	syn51705353	1
syn51704087	MULTI_2_S22_L006_I1_001.fastq.gz	syn51705352	1
syn51704087	MULTI_2_S22_L006_I2_001.fastq.gz	syn51705351	1
syn51704087	MULTI_2_S22_L006_R1_001.fastq.gz	syn51705354	1
syn51704087	MULTI_2_S22_L006_R2_001.fastq.gz	syn51705357	1
syn51704087	MULTI_2_S22_L007_I1_001.fastq.gz	syn51705355	1
syn51704087	MULTI_2_S22_L007_I2_001.fastq.gz	syn51705358	1
syn51704087	MULTI_2_S22_L007_R1_001.fastq.gz	syn51705361	1
syn51704087	MULTI_2_S22_L007_R2_001.fastq.gz	syn51705365	1
syn51704087	MULTI_2_S22_L008_I1_001.fastq.gz	syn51705359	1
syn51704087	MULTI_2_S22_L008_I2_001.fastq.gz	syn51705362	1
syn51704087	MULTI_2_S22_L008_R1_001.fastq.gz	syn51705369	1
syn51704087	MULTI_2_S22_L008_R2_001.fastq.gz	syn51705371	1
syn51704087	MULTI_3_S23_L005_I1_001.fastq.gz	syn51705367	1
syn51704087	MULTI_3_S23_L005_I2_001.fastq.gz	syn51705366	1
syn51704087	MULTI_3_S23_L005_R1_001.fastq.gz	syn51705373	1
syn51704087	MULTI_3_S23_L005_R2_001.fastq.gz	syn51705375	1
syn51704087	MULTI_3_S23_L006_I1_001.fastq.gz	syn51705376	1
syn51704087	MULTI_3_S23_L006_I2_001.fastq.gz	syn51705377	1
syn51704087	MULTI_3_S23_L006_R1_001.fastq.gz	syn51705379	1
syn51704087	MULTI_3_S23_L006_R2_001.fastq.gz	syn51705381	1
syn51704087	MULTI_3_S23_L007_I1_001.fastq.gz	syn51705382	1
syn51704087	MULTI_3_S23_L007_I2_001.fastq.gz	syn51705385	1
syn51704087	MULTI_3_S23_L007_R1_001.fastq.gz	syn51705388	1
syn51704087	MULTI_3_S23_L007_R2_001.fastq.gz	syn51705397	1
syn51704087	MULTI_3_S23_L008_I1_001.fastq.gz	syn51705386	1
syn51704087	MULTI_3_S23_L008_I2_001.fastq.gz	syn51705398	1
syn51704087	MULTI_3_S23_L008_R1_001.fastq.gz	syn51705399	1
syn51704087	MULTI_3_S23_L008_R2_001.fastq.gz	syn51705402	1
syn51704087	MULTI_4_S24_L005_I1_001.fastq.gz	syn51705400	1
syn51704087	MULTI_4_S24_L005_I2_001.fastq.gz	syn51705403	1
syn51704087	MULTI_4_S24_L005_R1_001.fastq.gz	syn51705404	1
syn51704087	MULTI_4_S24_L005_R2_001.fastq.gz	syn51705406	1
syn51704087	MULTI_4_S24_L006_I1_001.fastq.gz	syn51705405	1
syn51704087	MULTI_4_S24_L006_I2_001.fastq.gz	syn51705407	1
syn51704087	MULTI_4_S24_L006_R1_001.fastq.gz	syn51705411	1
syn51704087	MULTI_4_S24_L006_R2_001.fastq.gz	syn51705417	1
syn51704087	MULTI_4_S24_L007_I1_001.fastq.gz	syn51705409	1
syn51704087	MULTI_4_S24_L007_I2_001.fastq.gz	syn51705412	1
syn51704087	MULTI_4_S24_L007_R1_001.fastq.gz	syn51705418	1
syn51704087	MULTI_4_S24_L007_R2_001.fastq.gz	syn51705419	1
syn51704087	MULTI_4_S24_L008_I1_001.fastq.gz	syn51705420	1
syn51704087	MULTI_4_S24_L008_I2_001.fastq.gz	syn51705421	1
syn51704087	MULTI_4_S24_L008_R1_001.fastq.gz	syn51705423	1
syn51704087	MULTI_4_S24_L008_R2_001.fastq.gz	syn51705305	2
syn51703398	01_raw_data	syn51703400	1
syn51703398	02_meta_data	syn51703401	1
syn51703398	03_processed_data	syn51703403	1
syn51704242	ATAC_101_S1_L001_I1_001.fastq.gz	syn51705368	1
syn51704242	ATAC_101_S1_L001_R1_001.fastq.gz	syn51705430	1
syn51704242	ATAC_101_S1_L001_R2_001.fastq.gz	syn51705410	1
syn51704242	ATAC_101_S1_L001_R3_001.fastq.gz	syn51705448	1
syn51704242	ATAC_102_S2_L001_I1_001.fastq.gz	syn51705426	1
syn51704242	ATAC_102_S2_L001_R1_001.fastq.gz	syn51705464	1
syn51704242	ATAC_102_S2_L001_R2_001.fastq.gz	syn51705437	1
syn51704242	ATAC_102_S2_L001_R3_001.fastq.gz	syn51706931	1
syn51704242	ATAC_104_S3_L001_I1_001.fastq.gz	syn51705444	1
syn51704242	ATAC_104_S3_L001_R1_001.fastq.gz	syn51706935	1
syn51704242	ATAC_104_S3_L001_R2_001.fastq.gz	syn51705455	1
syn51704242	ATAC_104_S3_L001_R3_001.fastq.gz	syn51705462	1
syn51704242	ATAC_113_S4_L001_I1_001.fastq.gz	syn51706221	1
syn51704242	ATAC_113_S4_L001_R1_001.fastq.gz	syn51706933	1
syn51704242	ATAC_113_S4_L001_R2_001.fastq.gz	syn51706248	1
syn51704242	ATAC_113_S4_L001_R3_001.fastq.gz	syn51706953	1
syn51704242	ATAC_114_S5_L001_I1_001.fastq.gz	syn51706219	1
syn51704242	ATAC_114_S5_L001_R1_001.fastq.gz	syn51706307	1
syn51704242	ATAC_114_S5_L001_R2_001.fastq.gz	syn51706240	1
syn51704242	ATAC_114_S5_L001_R3_001.fastq.gz	syn51706918	1
syn51704242	ATAC_115_S6_L001_I1_001.fastq.gz	syn51706234	1
syn51704242	ATAC_115_S6_L001_R1_001.fastq.gz	syn51706286	1
syn51704242	ATAC_115_S6_L001_R2_001.fastq.gz	syn51706254	1
syn51704242	ATAC_115_S6_L001_R3_001.fastq.gz	syn51706869	1
syn51704242	ATAC_116_S7_L001_I1_001.fastq.gz	syn51706270	1
syn51704242	ATAC_116_S7_L001_R1_001.fastq.gz	syn51706881	1
syn51704242	ATAC_116_S7_L001_R2_001.fastq.gz	syn51706802	1
syn51704242	ATAC_116_S7_L001_R3_001.fastq.gz	syn51706898	1
syn51704242	RNA_101_S1_L004_I1_001.fastq.gz	syn51706246	1
syn51704242	RNA_101_S1_L004_I2_001.fastq.gz	syn51706252	1
syn51704242	RNA_101_S1_L004_R1_001.fastq.gz	syn51706279	1
syn51704242	RNA_101_S1_L004_R2_001.fastq.gz	syn51706721	1
syn51704242	RNA_102_S2_L004_I1_001.fastq.gz	syn51706256	1
syn51704242	RNA_102_S2_L004_I2_001.fastq.gz	syn51706260	1
syn51704242	RNA_102_S2_L004_R1_001.fastq.gz	syn51706293	1
syn51704242	RNA_102_S2_L004_R2_001.fastq.gz	syn51706728	1
syn51704242	RNA_104_S3_L004_I1_001.fastq.gz	syn51706244	1
syn51704242	RNA_104_S3_L004_I2_001.fastq.gz	syn51706249	1
syn51704242	RNA_104_S3_L004_R1_001.fastq.gz	syn51706268	1
syn51704242	RNA_104_S3_L004_R2_001.fastq.gz	syn51706309	1
syn51704242	RNA_113_S4_L004_I1_001.fastq.gz	syn51706281	2
syn51704242	RNA_113_S4_L004_I2_001.fastq.gz	syn51706299	1
syn51704242	RNA_113_S4_L004_R2_001.fastq.gz	syn51706704	1
syn51704242	RNA_114_S5_L004_I1_001.fastq.gz	syn51706658	1
syn51704242	RNA_114_S5_L004_I2_001.fastq.gz	syn51706657	1
syn51704242	RNA_114_S5_L004_R1_001.fastq.gz	syn51706674	1
syn51704242	RNA_114_S5_L004_R2_001.fastq.gz	syn51706710	1
syn51704242	RNA_115_S6_L004_I1_001.fastq.gz	syn51706652	1
syn51704242	RNA_115_S6_L004_I2_001.fastq.gz	syn51706654	1
syn51704242	RNA_115_S6_L004_R1_001.fastq.gz	syn51706661	1
syn51704242	RNA_115_S6_L004_R2_001.fastq.gz	syn51706689	1
syn51704242	RNA_116_S7_L004_I1_001.fastq.gz	syn51706655	1
syn51704242	RNA_116_S7_L004_I2_001.fastq.gz	syn51706662	1
syn51704242	RNA_116_S7_L004_R1_001.fastq.gz	syn51706698	1
syn51704242	RNA_116_S7_L004_R2_001.fastq.gz	syn51706714	1
syn51704089	ATAC2_S54_L003_I1_001.fastq.gz	syn51705316	2
syn51704089	ATAC2_S54_L003_R1_001.fastq.gz	syn51706801	1
syn51704089	ATAC2_S54_L003_R2_001.fastq.gz	syn51705435	1
syn51704089	ATAC2_S54_L003_R3_001.fastq.gz	syn51706872	1
syn51704089	GEX2_S2_L003_I1_001.fastq.gz	syn51705378	1
syn51704089	GEX2_S2_L003_I2_001.fastq.gz	syn51705390	1
syn51704089	GEX2_S2_L003_R1_001.fastq.gz	syn51705425	1
syn51704089	GEX2_S2_L003_R2_001.fastq.gz	syn51705442	1
syn51704089	MULTI2_S56_L003_I1_001.fastq.gz	syn51705360	1
syn51704089	MULTI2_S56_L003_R1_001.fastq.gz	syn51705383	1
syn51704089	MULTI2_S56_L003_R2_001.fastq.gz	syn51705364	1
syn51704089	MULTI2_S56_L003_R3_001.fastq.gz	syn51705372	1
syn51704086	GEX_1-_S9_L003_I1_001.fastq.gz	syn51704405	1
syn51704086	GEX_1-_S9_L003_I2_001.fastq.gz	syn51704413	1
syn51704086	GEX_1-_S9_L003_R1_001.fastq.gz	syn51704421	1
syn51704086	GEX_1-_S9_L003_R2_001.fastq.gz	syn51704438	1
syn51704086	GEX_1_CMAS_IGVF4_R_S13_L005_I1_001.fastq.gz	syn51704400	1
syn51704086	GEX_1_CMAS_IGVF4_R_S13_L005_I2_001.fastq.gz	syn51704381	1
syn51704086	GEX_1_CMAS_IGVF4_R_S13_L005_R1_001.fastq.gz	syn51704383	1
syn51704086	GEX_1_CMAS_IGVF4_R_S13_L005_R2_001.fastq.gz	syn51704412	1
syn51704086	GEX_2-_S10_L003_I1_001.fastq.gz	syn51704444	1
syn51704086	GEX_2-_S10_L003_I2_001.fastq.gz	syn51704446	1
syn51704086	GEX_2-_S10_L003_R1_001.fastq.gz	syn51704461	1
syn51704086	GEX_2-_S10_L003_R2_001.fastq.gz	syn51704582	1
syn51704086	GEX_2_CMAS_IGVF4_R_S14_L005_I1_001.fastq.gz	syn51704425	1
syn51704086	GEX_2_CMAS_IGVF4_R_S14_L005_I2_001.fastq.gz	syn51704441	1
syn51704086	GEX_2_CMAS_IGVF4_R_S14_L005_R1_001.fastq.gz	syn51704449	1
syn51704086	GEX_2_CMAS_IGVF4_R_S14_L005_R2_001.fastq.gz	syn51704457	1
syn51704086	MULTI_1-_S11_L003_I1_001.fastq.gz	syn51704475	1
syn51704086	MULTI_1-_S11_L003_I2_001.fastq.gz	syn51704476	1
syn51704086	MULTI_1-_S11_L003_R1_001.fastq.gz	syn51704487	1
syn51704086	MULTI_1-_S11_L003_R2_001.fastq.gz	syn51704506	1
syn51704086	MULTI_1_CMAS_IGVF4_R_S15_L005_I1_001.fastq.gz	syn51704440	1
syn51704086	MULTI_1_CMAS_IGVF4_R_S15_L005_I2_001.fastq.gz	syn51704471	1
syn51704086	MULTI_1_CMAS_IGVF4_R_S15_L005_R1_001.fastq.gz	syn51704472	1
syn51704086	MULTI_1_CMAS_IGVF4_R_S15_L005_R2_001.fastq.gz	syn51704473	1
syn51704086	MULTI_2-_S12_L003_I1_001.fastq.gz	syn51704479	1
syn51704086	MULTI_2-_S12_L003_I2_001.fastq.gz	syn51704481	1
syn51704086	MULTI_2-_S12_L003_R1_001.fastq.gz	syn51704499	1
syn51704086	MULTI_2-_S12_L003_R2_001.fastq.gz	syn51704508	1
syn51704086	MULTI_2_CMAS_IGVF4_R_S16_L005_I1_001.fastq.gz	syn51704478	1
syn51704086	MULTI_2_CMAS_IGVF4_R_S16_L005_I2_001.fastq.gz	syn51704477	1
syn51704086	MULTI_2_CMAS_IGVF4_R_S16_L005_R1_001.fastq.gz	syn51704480	1
syn51704086	MULTI_2_CMAS_IGVF4_R_S16_L005_R2_001.fastq.gz	syn51704497	1
syn51704086	_ATAC_1_S5_L003_I1_001.fastq.gz	syn51704320	1
syn51704086	_ATAC_1_S5_L003_R1_001.fastq.gz	syn51704385	1
syn51704086	_ATAC_1_S5_L003_R2_001.fastq.gz	syn51704339	1
syn51704086	_ATAC_1_S5_L003_R3_001.fastq.gz	syn51704376	1
syn51704086	_ATAC_1_S5_L004_I1_001.fastq.gz	syn51704323	1
syn51704086	_ATAC_1_S5_L004_R1_001.fastq.gz	syn51704375	1
syn51704086	_ATAC_1_S5_L004_R2_001.fastq.gz	syn51704335	1
syn51704086	_ATAC_1_S5_L004_R3_001.fastq.gz	syn51704362	1
syn51704086	_ATAC_2_S6_L003_I1_001.fastq.gz	syn51704328	1
syn51704086	_ATAC_2_S6_L003_R1_001.fastq.gz	syn51704394	1
syn51704086	_ATAC_2_S6_L003_R2_001.fastq.gz	syn51704347	1
syn51704086	_ATAC_2_S6_L003_R3_001.fastq.gz	syn51704399	1
syn51704086	_ATAC_2_S6_L004_I1_001.fastq.gz	syn51704389	1
syn51704086	_ATAC_2_S6_L004_R1_001.fastq.gz	syn51704372	1
syn51704086	_ATAC_2_S6_L004_R2_001.fastq.gz	syn51704374	1
syn51704086	_ATAC_2_S6_L004_R3_001.fastq.gz	syn51704403	1
syn50944986	BMMC_single_donor_ATAC_L001_R1.fastq.gz	syn51427145	1
syn50944986	BMMC_single_donor_ATAC_L001_R2.fastq.gz	syn51428671	1
syn50944986	BMMC_single_donor_ATAC_L002_R1.fastq.gz	syn51430125	1
syn50944986	BMMC_single_donor_ATAC_L002_R2.fastq.gz	syn51431724	1
syn50944986	BMMC_single_donor_RNA_L001_R1.fastq.gz	syn51435120	1
syn50944986	BMMC_single_donor_RNA_L001_R2.fastq.gz	syn51437540	1
syn50944986	BMMC_single_donor_RNA_L002_R1.fastq.gz	syn51437560	1
syn50944986	BMMC_single_donor_RNA_L002_R2.fastq.gz	syn51437960	1
syn51704076	ATAC_3_S360_L007_I1_001.fastq.gz	syn51704247	1
syn51704076	ATAC_3_S360_L007_R1_001.fastq.gz	syn51704276	1
syn51704076	ATAC_3_S360_L007_R2_001.fastq.gz	syn51704264	1
syn51704076	ATAC_3_S360_L007_R3_001.fastq.gz	syn51704273	1
syn51704076	ATAC_3_S360_L008_I1_001.fastq.gz	syn51704248	1
syn51704076	ATAC_3_S360_L008_R1_001.fastq.gz	syn51704279	1
syn51704076	ATAC_3_S360_L008_R2_001.fastq.gz	syn51704267	1
syn51704076	ATAC_3_S360_L008_R3_001.fastq.gz	syn51704290	1
syn51704076	GEX_3_S43_L007_I1_001.fastq.gz	syn51704241	1
syn51704076	GEX_3_S43_L007_I2_001.fastq.gz	syn51704243	1
syn51704076	GEX_3_S43_L007_R1_001.fastq.gz	syn51704261	1
syn51704076	GEX_3_S43_L007_R2_001.fastq.gz	syn51704271	1
syn51704076	GEX_3_S43_L008_I1_001.fastq.gz	syn51704250	1
syn51704076	GEX_3_S43_L008_I2_001.fastq.gz	syn51704268	1
syn51704076	GEX_3_S43_L008_R1_001.fastq.gz	syn51704282	1
syn51704076	GEX_3_S43_L008_R2_001.fastq.gz	syn51704285	1
syn51704076	MULTI_3_S46_L007_I1_001.fastq.gz	syn51704281	1
syn51704076	MULTI_3_S46_L007_I2_001.fastq.gz	syn51704286	1
syn51704076	MULTI_3_S46_L007_R1_001.fastq.gz	syn51704292	1
syn51704076	MULTI_3_S46_L007_R2_001.fastq.gz	syn51704293	1
syn51704076	MULTI_3_S46_L008_I1_001.fastq.gz	syn51704291	1
syn51704076	MULTI_3_S46_L008_I2_001.fastq.gz	syn51704295	1
syn51704076	MULTI_3_S46_L008_R1_001.fastq.gz	syn51704296	1
syn51704076	MULTI_3_S46_L008_R2_001.fastq.gz	syn51704297	1
syn51628509	ATAC_1_S1_L001_I1_001.fastq.gz	syn51658224	1
syn51628509	ATAC_1_S1_L001_R1_001.fastq.gz	syn51658221	1
syn51628509	ATAC_1_S1_L001_R2_001.fastq.gz	syn51658217	1
syn51628509	ATAC_1_S1_L001_R3_001.fastq.gz	syn51658234	1
syn51628509	ATAC_1_S1_L002_I1_001.fastq.gz	syn51658141	1
syn51628509	ATAC_1_S1_L002_R1_001.fastq.gz	syn51658152	1
syn51628509	ATAC_1_S1_L002_R2_001.fastq.gz	syn51658140	1
syn51628509	ATAC_1_S1_L002_R3_001.fastq.gz	syn51658145	1
syn51628509	ATAC_1_S1_L003_I1_001.fastq.gz	syn51658147	1
syn51628509	ATAC_1_S1_L003_R1_001.fastq.gz	syn51658215	1
syn51628509	ATAC_1_S1_L003_R2_001.fastq.gz	syn51658163	1
syn51628509	ATAC_1_S1_L003_R3_001.fastq.gz	syn51658213	1
syn51628509	ATAC_1_S1_L004_I1_001.fastq.gz	syn51658137	1
syn51628509	ATAC_1_S1_L004_R1_001.fastq.gz	syn51658146	1
syn51628509	ATAC_1_S1_L004_R2_001.fastq.gz	syn51658138	1
syn51628509	ATAC_1_S1_L004_R3_001.fastq.gz	syn51658142	1
syn51628509	ATAC_2_S2_L001_I1_001.fastq.gz	syn51658218	1
syn51628509	ATAC_2_S2_L001_R1_001.fastq.gz	syn51658226	1
syn51628509	ATAC_2_S2_L001_R2_001.fastq.gz	syn51658228	1
syn51628509	ATAC_2_S2_L001_R3_001.fastq.gz	syn51658229	1
syn51628509	ATAC_2_S2_L002_I1_001.fastq.gz	syn51658209	1
syn51628509	ATAC_2_S2_L002_R1_001.fastq.gz	syn51658211	1
syn51628509	ATAC_2_S2_L002_R2_001.fastq.gz	syn51658212	1
syn51628509	ATAC_2_S2_L002_R3_001.fastq.gz	syn51658214	1
syn51628509	ATAC_2_S2_L003_I1_001.fastq.gz	syn51658230	1
syn51628509	ATAC_2_S2_L003_R1_001.fastq.gz	syn51658236	1
syn51628509	ATAC_2_S2_L003_R2_001.fastq.gz	syn51658223	1
syn51628509	ATAC_2_S2_L003_R3_001.fastq.gz	syn51658232	1
syn51628509	ATAC_2_S2_L004_I1_001.fastq.gz	syn51658166	1
syn51628509	ATAC_2_S2_L004_R1_001.fastq.gz	syn51658208	1
syn51628509	ATAC_2_S2_L004_R2_001.fastq.gz	syn51658168	1
syn51628509	ATAC_2_S2_L004_R3_001.fastq.gz	syn51658162	1
syn51628509	CMO_1_S3_L001_I1_001.fastq.gz	syn51658074	1
syn51628509	CMO_1_S3_L001_I2_001.fastq.gz	syn51658075	1
syn51628509	CMO_1_S3_L001_R1_001.fastq.gz	syn51658097	1
syn51628509	CMO_1_S3_L001_R2_001.fastq.gz	syn51658090	1
syn51628509	CMO_1_S3_L002_I1_001.fastq.gz	syn51658078	1
syn51628509	CMO_1_S3_L002_I2_001.fastq.gz	syn51658087	1
syn51628509	CMO_1_S3_L002_R1_001.fastq.gz	syn51658101	1
syn51628509	CMO_1_S3_L002_R2_001.fastq.gz	syn51658092	1
syn51628509	CMO_1_S3_L003_I1_001.fastq.gz	syn51658082	1
syn51628509	CMO_1_S3_L003_I2_001.fastq.gz	syn51658086	1
syn51628509	CMO_1_S3_L003_R1_001.fastq.gz	syn51658098	1
syn51628509	CMO_1_S3_L003_R2_001.fastq.gz	syn51658089	1
syn51628509	CMO_1_S3_L004_I1_001.fastq.gz	syn51658077	1
syn51628509	CMO_1_S3_L004_I2_001.fastq.gz	syn51658084	1
syn51628509	CMO_1_S3_L004_R1_001.fastq.gz	syn51658104	1
syn51628509	CMO_1_S3_L004_R2_001.fastq.gz	syn51658094	1
syn51628509	CMO_2_S4_L001_I1_001.fastq.gz	syn51658081	1
syn51628509	CMO_2_S4_L001_I2_001.fastq.gz	syn51658085	1
syn51628509	CMO_2_S4_L001_R1_001.fastq.gz	syn51658096	1
syn51628509	CMO_2_S4_L001_R2_001.fastq.gz	syn51658093	1
syn51628509	CMO_2_S4_L002_I1_001.fastq.gz	syn51658079	1
syn51628509	CMO_2_S4_L002_I2_001.fastq.gz	syn51658076	1
syn51628509	CMO_2_S4_L002_R1_001.fastq.gz	syn51658099	1
syn51628509	CMO_2_S4_L002_R2_001.fastq.gz	syn51658095	1
syn51628509	CMO_2_S4_L003_I1_001.fastq.gz	syn51658083	1
syn51628509	CMO_2_S4_L003_I2_001.fastq.gz	syn51658088	1
syn51628509	CMO_2_S4_L003_R1_001.fastq.gz	syn51658109	1
syn51628509	CMO_2_S4_L003_R2_001.fastq.gz	syn51658110	1
syn51628509	CMO_2_S4_L004_I1_001.fastq.gz	syn51658102	1
syn51628509	CMO_2_S4_L004_I2_001.fastq.gz	syn51658103	1
syn51628509	CMO_2_S4_L004_R1_001.fastq.gz	syn51658113	1
syn51628509	CMO_2_S4_L004_R2_001.fastq.gz	syn51658112	1
syn51628509	GEX_1_S1_L001_I1_001.fastq.gz	syn51658114	1
syn51628509	GEX_1_S1_L001_I2_001.fastq.gz	syn51658118	1
syn51628509	GEX_1_S1_L001_R1_001.fastq.gz	syn51658144	1
syn51628509	GEX_1_S1_L001_R2_001.fastq.gz	syn51658157	1
syn51628509	GEX_1_S1_L002_I1_001.fastq.gz	syn51658116	1
syn51628509	GEX_1_S1_L002_I2_001.fastq.gz	syn51658117	1
syn51628509	GEX_1_S1_L002_R1_001.fastq.gz	syn51658143	1
syn51628509	GEX_1_S1_L002_R2_001.fastq.gz	syn51658165	1
syn51628509	GEX_1_S1_L003_I1_001.fastq.gz	syn51658122	1
syn51628509	GEX_1_S1_L003_I2_001.fastq.gz	syn51658128	1
syn51628509	GEX_1_S1_L003_R1_001.fastq.gz	syn51658154	1
syn51628509	GEX_1_S1_L003_R2_001.fastq.gz	syn51658160	1
syn51628509	GEX_1_S1_L004_I1_001.fastq.gz	syn51658125	1
syn51628509	GEX_1_S1_L004_I2_001.fastq.gz	syn51658130	1
syn51628509	GEX_1_S1_L004_R1_001.fastq.gz	syn51658158	1
syn51628509	GEX_1_S1_L004_R2_001.fastq.gz	syn51658161	1
syn51628509	GEX_2_S2_L001_I1_001.fastq.gz	syn51658124	1
syn51628509	GEX_2_S2_L001_I2_001.fastq.gz	syn51658127	1
syn51628509	GEX_2_S2_L001_R1_001.fastq.gz	syn51658148	1
syn51628509	GEX_2_S2_L001_R2_001.fastq.gz	syn51658151	1
syn51628509	GEX_2_S2_L002_I1_001.fastq.gz	syn51658126	1
syn51628509	GEX_2_S2_L002_I2_001.fastq.gz	syn51658131	1
syn51628509	GEX_2_S2_L002_R1_001.fastq.gz	syn51658149	1
syn51628509	GEX_2_S2_L002_R2_001.fastq.gz	syn51658153	1
syn51628509	GEX_2_S2_L003_I1_001.fastq.gz	syn51658133	1
syn51628509	GEX_2_S2_L003_I2_001.fastq.gz	syn51658132	1
syn51628509	GEX_2_S2_L003_R1_001.fastq.gz	syn51658150	1
syn51628509	GEX_2_S2_L003_R2_001.fastq.gz	syn51658159	1
syn51628509	GEX_2_S2_L004_I1_001.fastq.gz	syn51658134	1
syn51628509	GEX_2_S2_L004_I2_001.fastq.gz	syn51658135	1
syn51628509	GEX_2_S2_L004_R1_001.fastq.gz	syn51658164	1
syn51628509	GEX_2_S2_L004_R2_001.fastq.gz	syn51658167	1
syn51669616	Kallisto processed count matrix	syn51684227	1
syn51669616	next1_B01_13A_R1.fastq.gz	syn51669860	1
syn51669616	next1_B01_13A_R2.fastq.gz	syn51669954	1
syn51669616	next1_B01_13B_R1.fastq.gz	syn51670063	1
syn51669616	next1_B01_13B_R2.fastq.gz	syn51670124	1
syn51669616	next1_B01_13C_R1.fastq.gz	syn51670238	1
syn51669616	next1_B01_13C_R2.fastq.gz	syn51670298	1
syn51669616	next1_B01_13D_R1.fastq.gz	syn51670431	1
syn51669616	next1_B01_13D_R2.fastq.gz	syn51670483	1
syn51669616	next1_B01_13E_R1.fastq.gz	syn51670484	1
syn51669616	next1_B01_13E_R2.fastq.gz	syn51670493	1
syn51669616	next1_B01_13F_R1.fastq.gz	syn51670510	1
syn51669616	next1_B01_13F_R2.fastq.gz	syn51670532	1
syn51669616	next1_B01_13G_R1.fastq.gz	syn51670585	1
syn51669616	next1_B01_13G_R2.fastq.gz	syn51670604	1
syn51669616	next1_B01_13H_R1.fastq.gz	syn51670626	1
syn51669616	next1_B01_13H_R2.fastq.gz	syn51670627	1
syn51669616	next2_B01_13A_R1.fastq.gz	syn51670644	1
syn51669616	next2_B01_13A_R2.fastq.gz	syn51670653	1
syn51669616	next2_B01_13B_R1.fastq.gz	syn51670664	1
syn51669616	next2_B01_13B_R2.fastq.gz	syn51670673	1
syn51669616	next2_B01_13C_R1.fastq.gz	syn51670694	1
syn51669616	next2_B01_13C_R2.fastq.gz	syn51670704	1
syn51669616	next2_B01_13D_R1.fastq.gz	syn51670724	1
syn51669616	next2_B01_13D_R2.fastq.gz	syn51670735	1
syn51669616	next2_B01_13E_R1.fastq.gz	syn51670762	1
syn51669616	next2_B01_13E_R2.fastq.gz	syn51670776	1
syn51669616	next2_B01_13F_R1.fastq.gz	syn51670807	1
syn51669616	next2_B01_13F_R2.fastq.gz	syn51670819	1
syn51669616	next2_B01_13G_R1.fastq.gz	syn51670842	1
syn51669616	next2_B01_13G_R2.fastq.gz	syn51670851	1
syn51669616	next2_B01_13H_R1.fastq.gz	syn51670862	1
syn51669616	next2_B01_13H_R2.fastq.gz	syn51670869	1
syn51669616	parse-wt-v2 barcode files	syn51730625	1
